<?xml version="1.1" encoding="UTF-8" standalone="no"?>
<databaseChangeLog xmlns="http://www.liquibase.org/xml/ns/dbchangelog"
                   xmlns:xsi="http://www.w3.org/2001/XMLSchema-instance"
                   xsi:schemaLocation="http://www.liquibase.org/xml/ns/dbchangelog http://www.liquibase.org/xml/ns/dbchangelog/dbchangelog-3.6.xsd">

    <include file="changes/01_create_message_gen_message_table.yaml" relativeToChangelogFile="true"/>
    <include file="changes/02_add_missing_fields_to_tables.yaml" relativeToChangelogFile="true"/>
    <include file="changes/03_add_project_table.yaml" relativeToChangelogFile="true"/>
    <include file="changes/04_remove_constraint.yaml" relativeToChangelogFile="true"/>
    <include file="changes/06_change_column_type.yaml" relativeToChangelogFile="true"/>
    <include file="changes/07_add_statistic_table.yaml" relativeToChangelogFile="true"/>
    <include file="changes/08_add_result_table.yaml" relativeToChangelogFile="true"/>
    <include file="changes/10_add_prompt_table.yaml" relativeToChangelogFile="true"/>
    <include file="changes/11_view.yaml" relativeToChangelogFile="true"/>
    <include file="changes/12_add_notification_table.yaml" relativeToChangelogFile="true"/>
    <include file="changes/13_insert_system_author.yaml" relativeToChangelogFile="true"/>
    <include file="changes/14_corrections.yaml" relativeToChangelogFile="true"/>
    <include file="changes/15_insert_prompt.yaml" relativeToChangelogFile="true"/>
    <include file="changes/16_insert_interlocutor.yaml" relativeToChangelogFile="true"/>
    <include file="changelog-quartz.xml" relativeToChangelogFile="true"/>
</databaseChangeLog>