{
  "clientId": "fpgen_app",
  "name": "fp_gen_application",
  "description": "",
  "rootUrl": "http://localhost:4200",
  "adminUrl": "",
  "baseUrl": "http://localhost:4200",
  "surrogateAuthRequired": false,
  "enabled": true,
  "alwaysDisplayInConsole": false,
  "clientAuthenticatorType": "client-secret",
  "redirectUris": [
    "http://localhost:4200/*"
  ],
  "webOrigins": [
    "*"
  ],
  "notBefore": 0,
  "bearerOnly": false,
  "consentRequired": false,
  "standardFlowEnabled": true,
  "implicitFlowEnabled": false,
  "directAccessGrantsEnabled": true,
  "serviceAccountsEnabled": false,
  "publicClient": true,
  "frontchannelLogout": true,
  "protocol": "openid-connect",
  "attributes": {
    "client.secret.creation.time": "1727527380",
    "login_theme": "keycloak",
    "post.logout.redirect.uris": "http://localhost:4200/*",
    "oauth2.device.authorization.grant.enabled": "false",
    "backchannel.logout.revoke.offline.tokens": "false",
    "use.refresh.tokens": "true",
    "tls-client-certificate-bound-access-tokens": "false",
    "oidc.ciba.grant.enabled": "false",
    "backchannel.logout.session.required": "true",
    "client_credentials.use_refresh_token": "false",
    "acr.loa.map": "{}",
    "require.pushed.authorization.requests": "false",
    "display.on.consent.screen": "false",
    "token.response.type.bearer.lower-case": "false"
  },
  "authenticationFlowBindingOverrides": {},
  "fullScopeAllowed": true,
  "nodeReRegistrationTimeout": -1,
  "defaultClientScopes": [
    "web-origins",
    "acr",
    "profile",
    "roles",
    "email"
  ],
  "optionalClientScopes": [
    "address",
    "phone",
    "offline_access",
    "microprofile-jwt"
  ],
  "access": {
    "view": true,
    "configure": true,
    "manage": true
  }
}